post_id,comment_id,author,created_utc,body,score
11ylnj0,jd8wq3n,Ecstatic_Net,1679507706.0,South Africa - Rapper,1
11ylnj0,jdaurjp,MusicalitySte,1679535913.0,Virginia (Richmond)/ Singer/Producer (intermediate),1
11ylnj0,jdfm1rk,AceCuhseno,1679620037.0,"https://youtube.com/shorts/0cXhWnqBkUg?feature=share

8 A.M FREESTYLE 

Fwm yall, I appreciate the time",1
11ylnj0,jdn6ujd,_Chi-Guy_,1679765393.0,Chicago - beat maker ✌️,1
11ylnj0,jd9ga0c,PachaTNM,1679515080.0,Philly - Rapper,1
11ylnj0,jd8wmo8,OO_rah,1679507672.0,Boston MA - rapper,1
11ylnj0,jdbw5rz,dfernand23,1679559461.0,"basel, switzerland - producer",1
11ylnj0,jdajaq8,lilfreakemo,1679530920.0,Phoenix - Rapper,1
11ylnj0,jd8e5o1,InterestingRead2022,1679500750.0,United Kingdom - Producer,1
11ylnj0,jddb2db,Vast_Walrus6305,1679587408.0,Detroit rapper,1
11ylnj0,jd990b4,Nednerb5000,1679512329.0,OKLAHOMA - Producer,1
11ylnj0,jd9unmq,Motor-Vacation6791,1679520639.0,"Bay city MI
Producer",1
11ylnj0,jdb35wu,HartLaneProductions,1679539733.0,UK - producer/rapper,1
11ylnj0,jdb1c83,CjLdabest,1679538874.0,UT - producer + engineer + rapper,1
11ylnj0,jd90o5j,phreakyzekey,1679509196.0,"Oregon, USA rapper/producer",1
11ylnj0,jd9t45k,thurM_n,1679520025.0,Atlanta - rapper,1
11ylnj0,jday1qb,reditcard,1679537370.0,"Boston, Ma. rapper",1
11ylnj0,jd971mh,mijoimijoi,1679511588.0,"Richmond, VA - Producer/Singer",1
11ylnj0,jd9pvk1,Starscream037,1679518749.0,"Greensboro, NC producer/rapper",1
11ylnj0,jddacft,itsSRL,1679587131.0,SLC - producer,1
11ylnj0,jdaw74h,thornzington,1679536542.0,Los Angeles - producer/engineer,1
11ylnj0,jd9bg1o,thesuperj6,1679513258.0,"Washington DC, Producer + Rapper",1
11ylnj0,jd9543a,LordJeeves,1679510865.0,United Kingdom - Producer,1
11ylnj0,jdbz7tf,IndependenceBroad277,1679562265.0,"Joliet, IL - beat maker, artist, graphic designer and to a lesser extent engineer",1
11ylnj0,jdbzi9w,808wocky,1679562525.0,Vancouver producer/ghost writer,1
11ylnj0,jd9vjn3,areyouindenial,1679520999.0,PHX - Producer/Engineer [samples](http://www.denialrecords.com),1
11ylnj0,jdbkbkb,,1679549569.0,"Southern Ohio-advanced rapper, slightly advanced producer, intermediate engineer",1
11ylnj0,jda0kd5,lieutenantmoody_,1679523040.0,"Las Vegas, NV. Rapper, who makes his own beats(cause I don't identify as a producer)",1
11ylnj0,jd924ka,crrtis,1679509744.0,"Wichita, KS - “rapper”",1
11ylnj0,jdcgsip,tyrant456,1679574600.0,"Austin, TX rapper",1
11ylnj0,jdaa0xq,acidmessiah,1679527013.0,United Kingdom - rapper,1
11ylnj0,jda115f,Dispal,1679523231.0,"Sydney Australia, producer. Always looking for dope Australian rappers to work with. My producer name is 'T.Castles'",1
11ylnj0,jda3qo3,Djalbums,1679524359.0,Rhode Island Producer,1
11ylnj0,jddhu5q,fluffedahiphopbunny,1679589980.0,Saskatchewan- Producer/Mix Engineer.,1
11ylnj0,jddw97j,Stubbledspace,1679595405.0,Nice!,1
11ylnj0,jd9g7fi,PachaTNM,1679515053.0,Lekker!,1
11ylnj0,jdgeqqv,rossdecember21st,1679634725.0,Check dm fam,1
11ylnj0,jdgezib,rossdecember21st,1679634890.0,What part of oregon,1
11ylnj0,jdulf2q,Ecstatic_Net,1679908502.0,"I'm in fourways, let's collab",1
11ylnj0,jdule8v,Ecstatic_Net,1679908482.0,"I'm in Fourways gents, let's collab",1
11ylnj0,jdhiah0,phreakyzekey,1679663325.0,Eugene,1
